ID,Блок,Наш UI / внешний инструмент,Функции,Контакты,Агентство,ATS,Экраны,Роль НМ,Роль HR,Роль нашей команды,Роль кандидата,Предложенный этап,Основания,Границы
B01,Бизнес-задача и профиль роли,Наш UI,Описать проблему бизнеса; Определить нужный результат; Зафиксировать требования к роли,Да,Да,Да,"E01, E02, H01, A02","Определяет задачу, приоритеты и ограничения",Уточняет требования и критерии проверки,Проводит бриф и фиксирует согласованный запрос,,"ПИЛОТ: предложено, не проверено","Д4,8,15; В63–66; А: вертикаль работодателя; У01.10: проблема бизнеса до найма","Общее правило каталога: pilot и next являются предложенным объемом, не подтверждением готовности. N = 25 наших UI-модулей; B05 и B06 — 2 внешние поверхности вне N. Отображение и действия зависят от роли, компании и разрешения кандидата. Здесь пилот: ручной бриф и требования; диагностика необходимости найма не автоматизирована. Д = GTM PDF-страница, В = строка встречи, С = спринт PDF-страница, А = схема разработки, У = решение пользователя."
B02,Реестр вакансий,Наш UI,Найти вакансию; Увидеть состояние найма; Открыть нужную работу,Да,Да,Да,"E01, H01, A02",Видит свои задачи найма и результаты,Ведет вакансии компании,Видит заказы и вакансии своей команды,,"ПИЛОТ: предложено, не проверено","Д43; В6,9,57; А: платформа",Один модуль с представлениями по роли. В базе контактов достаточно контекста запроса; это не обещание полноценной ATS во всех GTM.
B03,Редактор и импорт вакансии,Наш UI,Создать или импортировать вакансию; Уточнить условия и требования; Согласовать актуальную версию,Да,Да,Да,"E02, H01, H02, A02",Подтверждает содержание и условия,"Создает, импортирует и уточняет вакансию",Оформляет запрос клиента во внутренней стороне,,"ПИЛОТ: предложено, не проверено","В6,9–19,33,57; Д43",Пилот допускает ссылку и ручной перенос. В агентской модели создание вакансии не требует отдельного редактора у клиента; импорт откликов и интеграция hh не подтверждены.
B04,Компании и сигналы,Наш UI,Получить компании и вакансии; Проверить сигнал потребности; Подготовить контакт для обращения,Да,Да,Да,A01,,,"Своя команда отбирает компании, проверяет сигнал и контакт",,"ПИЛОТ: предложено, не проверено","Д6–9,61; С2,5; А: инструменты привлечения; У01.10: сигналы и парсинг","Внутренняя сторона HR Vision, не клиентский экран. Входы различаются: открытая вакансия, холодная компания без вакансии, собственный поток работодателя. Проверка источника и ручное подтверждение входят в предложенный пилот."
B05,Воронка продаж,Внешний инструмент,Завести компанию и контакт; Назначить ответственного; Зафиксировать следующий шаг сделки,Да,Да,Да,A01,,,"Продажи ведут ответы, встречи и договоренность с клиентом",,ВНЕШНИЙ ИНСТРУМЕНТ / связь,С5; У01.10: Битрикс и ответственный за ответы,"Внешняя поверхность, не включается в N наших UI-модулей. Первый запуск опирается на Bitrix; это целевая точка выполнения работы, а не задача разработать свой CRM. Продажа услуги отделена от статуса найма конкретного кандидата."
B06,Исходящие кампании и коммерческое предложение,Внешний инструмент,Подготовить обращение компании; Выполнить исходящую кампанию; Передать ответ ответственному,Да,Да,Да,A01,,,Своя команда готовит сообщения и обрабатывает результат кампании,,ВНЕШНИЙ ИНСТРУМЕНТ / связь,"А: инструменты привлечения; У01.10: 200 отправок, аккаунты и почты","Внешняя поверхность, не включается в N наших UI-модулей. В пилоте используются существующие инструменты исходящих кампаний. Предложение здесь означает продажу услуги компании; это не трудовой оффер B22. Отправки и покупка аккаунтов этой схемой не выполняются."
B07,Прием кандидатов,Наш UI,Добавить отклик или кандидата; Указать источник и запрос; Передать на нужную проверку,Да,Да,Да,"H01, H02, A03, C01",,Принимает собственный поток компании,Добавляет кандидатов в общий рабочий поток,Передает отклик и свой материал в конкретный процесс,"ПИЛОТ: предложено, не проверено","Д7–10,43; В6,39–41,49; А: наполнение базы","В агентстве поток загружает внутренняя команда, в ATS это делает HR клиента. Для базы контактов модуль наполняет сеть до продажи контакта. Пилот допускает ручное добавление; получение кандидата не означает завершение скрининга. Кандидатская форма приема не является доступом к чужому потоку или автоматическим согласием на общую базу."
B08,Профиль кандидата,Наш UI,Собрать опыт и цели; Уточнить условия и доступность; Связать материалы о человеке,Да,Да,Да,"E04, H02, H03, A03, A04, C01, C04",Читает разрешенный профиль человека,"Уточняет опыт, ожидания и актуальность",Ведет общий профиль и источник данных,Подтверждает собственные данные и ожидания,"ПИЛОТ: предложено, не проверено","Д4,10–11,18,24,57; В22–28,57–68; А: вертикаль кандидата","Профиль принадлежит человеку и переиспользуется. Статус рассмотрения, решение и соответствие отдельной вакансии находятся в B17. Кандидат в пилоте уточняет профиль по ссылке; полный кабинет не требуется."
B09,Согласие и доступ,Наш UI,Объяснить цель записи и показа; Зафиксировать выбор кандидата; Проверить допустимость доступа,Да,Да,Да,"H02, H03, H04, A03, A04, A05, A06, C01",,"Видит, какие материалы разрешено использовать",Проверяет основание передачи материалов,Видит условия и подтверждает или отклоняет согласие,"ПИЛОТ: предложено, не проверено","Д10–11,36; А: наполнение базы",Согласие выделено из записи и оценки. Отказ от показа не означает слабые навыки или автоматический отказ по вакансии. Для пилота требуется ясное действие по ссылке; детальные политики доступа и отзыва еще предстоит определить.
B10,План и маршрут интервью,Наш UI,Выбрать HR или внешний AI; Определить обязательные вопросы; Показать следующий шаг участнику,Да,Да,Да,"E02, H03, A04, C01, C02",Передает важные вопросы и пробелы по роли,Готовит и проводит интервью по плану,Назначает исполнителя и маршрут,"Видит цель, формат и приглашение","ПИЛОТ: предложено, не проверено","Д10–11,25–28; В11–28; У01.10: внешний AI и HR на реальном процессе","В пилоте маршрутизация ручная, AI-сервис внешний. HR и AI являются вариантами проведения, не двумя обязательными последовательными скринингами. В целевой базе интервью описывает кандидата, в агентском старте может отвечать конкретной вакансии."
B11,Материалы интервью,Наш UI,Приложить запись или ссылку; Связать текст и источник; Проверить полноту материала,Да,Да,Да,"H03, A04, C02",,Загружает результат проведенного интервью,Проверяет материалы и передает их на оценку,Передает материал или проходит внешний сервис по ссылке,"ПИЛОТ: предложено, не проверено","Д10,43; В11,39–49","Пилот: ручная загрузка или ссылка на результат. Собственный видеозвонок, запись и автоматическая интеграция AI не входят в обещанный объем. B11 хранит материал; согласие находится в B09, оценка в B13."
B12,Просмотр доказательств,Наш UI,Открыть нужный фрагмент; Увидеть цитату и источник; Проверить основание вывода,Да,Да,Да,"E04, H03, A04, C02",Проверяет существенные фрагменты без просмотра всего интервью,Находит и размечает доказательства,Проверяет отчет перед передачей клиенту,Получает разрешенный разбор собственных ответов,"ПИЛОТ: предложено, не проверено","Д11,43; В41–49,57–68; А: пайплайн доказательств","Показанный во встрече прототип не равен подтвержденной готовности. Пилот допускает ручные таймкоды и цитаты. Самоотчет, CV, кейс и мнение рекрутера различаются по типу источника; кандидат не получает закрытые заметки работодателя."
B13,Оценка навыков,Наш UI,Применить критерии оценки; Отметить данные и пробелы; Связать вывод с доказательством,Да,Да,Да,"E04, H03, A04, C02",Понимает сильные стороны и неопределенность,Выставляет и проверяет оценки,Контролирует качество отчета,Видит согласованный разбор и направления развития,"ПИЛОТ: предложено, не проверено","Д4,36,49; В63–78; С7–8; А: матрица скиллов; У01.10: панель оценок",Пилот предполагает ручную или внешнюю оценку по явным критериям. Новое ядро и валидированный автоскоринг не заявляются готовыми. Неизвестное не превращается в нулевой навык; соответствие конкретной вакансии отображается отдельно в B17.
B14,Добор данных и тестовые,Наш UI,Определить недостающую проверку; Выдать вопрос или задание; Приложить и оценить ответ,Да,Да,Да,"E04, H03, A04, C02",Запрашивает проверку важного для роли навыка,Организует проверку и разбирает результат,Координирует добор материала,Видит задание и передает ответ,ПОЗЖЕ / целевой продукт,"Д26–28,44; В15–19,26,78; У01.10: тестовые как отдельная проверка","Целевой блок. В первой проверке вопрос или тестовое могут передаваться вручную вне платформы. Задание нужно при конкретном пробеле, а не автоматически каждому кандидату; отказ от тестового имеет собственную причину."
B15,Подбор и батчи,Наш UI,Собрать подборку под требования; Проверить доступность кандидатов; Уточнить следующий батч по обратной связи,Да,Да,Да,"E03, H02, A03, A05",Получает подходящую подборку,Формирует подборку из своего и внешнего потока,Готовит и передает батч клиенту,,"ПИЛОТ: предложено, не проверено","Д7–9,15,17–19,54,57–58; В66–78; А: горизонталь матча","Пилот допускает ручное сопоставление и выдачу. База продает доступ к внешнему кандидату, агентство сопровождает подбор, ATS добавляет внешних к собственным. Автоматические рекомендации и фиксированная частота батча не считаются реализованными."
B16,Сравнение и shortlist,Наш UI,Сравнить по важным критериям; Увидеть пробелы и компромиссы; Собрать короткий список,Да,Да,Да,"E03, H04, A05",Сравнивает альтернативы и выбирает следующих,Готовит сопоставимую выборку,Объясняет основания короткого списка,,ПОЗЖЕ / целевой продукт,"Д4,9,43; В49–51,63–68; А: матрица скиллов; вывод J11","Отдельный интерфейс сравнения предложен, но не показан как работающий в материалах. В пилоте сравнение возможно по карточкам и отчетам. Данные должны сравниваться по одной роли, с видимой неопределенностью и без универсального рейтинга людей."
B17,Кандидат × вакансия,Наш UI,Показать этап конкретной пары; Проверить соответствие роли; Зафиксировать решение и следующий шаг,Да,Да,Да,"E01, E03, E04, E05, H01, H02, H03, H04, A04, A05, A06, C03",Принимает решение по кандидату на свою задачу,Ведет этапы и передает кандидата нанимающему,Согласует статус пары с клиентом,Видит предложение и отвечает по этой вакансии,"ПИЛОТ: предложено, не проверено","Д3,17,43,58; В41–51,66–78; У01.10: параллельные пути","Статус относится только к паре кандидат–вакансия; отказ не портит общий профиль B08 и другие рассмотрения. Решения HR, нанимающего и кандидата различаются. В базе после выдачи контакта дальнейшие решения поступают от клиента, если он их сообщает."
B18,Встречи,Наш UI,Предложить время; Зафиксировать подтверждение; Перенести или отметить результат,Да,Да,Да,"E04, H03, H04, A05, C03",Выбирает время и фиксирует итог встречи,Координирует участников,Следит за договоренностью клиента и кандидата,Подтверждает время или просит перенос,"ПИЛОТ: предложено, не проверено","Д3,8,43; В45","Пилот может хранить согласованное время и ссылку на внешний календарь. Автоматическая синхронизация, отправка приглашений и уведомления не подтверждены. Действие кандидата сначала доступно по отдельной ссылке."
B19,Контакт и интерес кандидата,Наш UI,Уточнить интерес и сроки; Назначить следующий контакт; Зафиксировать риск потери,Да,Да,Да,"E03, E04, E05, H02, H04, A03, A05, A06, C01, C03, C04","Видит, когда нужно принять решение и что мешает",Поддерживает контакт и уточняет ожидания,Доводит договоренность до следующего шага,"Сообщает интерес, сомнения и свои сроки","ПИЛОТ: предложено, не проверено","У01.10: как не потерять понравившегося кандидата; Д17,57–58; вывод J20","Предложенный пилот: ручная заметка об интересе, сроке и ответственном. Каналы связи могут остаться внешними. Автоматического знания других офферов нет; используются только сообщенные кандидатом данные."
B20,Отказы и обратная связь,Наш UI,Зафиксировать причину решения; Передать согласованный разбор; Уточнить требования или подбор,Да,Да,Да,"E01, E03, E04, H01, H04, A03, A05, A06, C03, C04",Объясняет решение и получает причины отказа кандидата,Собирает и согласует обратную связь,Возвращает инсайты обеим сторонам,Получает разбор или объясняет свой отказ,"ПИЛОТ: предложено, не проверено","Д3,17–19,58; В45,66–78; А: feedback",Пилот допускает ручные причины и ручную доставку. Неизвестная причина остается неизвестной. Внутренняя заметка и текст для другой стороны различаются; отказ по одной вакансии не прекращает другие пути.
B21,Альтернативы кандидата,Наш UI,Увидеть параллельные варианты; Сопоставить условия и сроки; Обновить приоритет и доступность,Да,Да,Да,"C03, C04",,Видит только сообщенные кандидатом ограничения по срокам,Помогает кандидату согласовать следующие шаги,"Ведет варианты работы и выбирает, что продолжать",ПОЗЖЕ / целевой продукт,"Д16–17,57–58; У01.10: кандидат продолжает поиск; У02.10: кабинет кандидата позже","Параллельный поиск прямо описан в источниках, отдельный экран его управления предложен. Полный список альтернатив видит кандидат; работодателю не раскрываются другие компании и закрытые переговоры. В пилоте хватает ответа по ссылке и ручного уточнения срока."
B22,Трудовой оффер и переговоры,Наш UI,Собрать условия предложения; Согласовать и передать оффер; Зафиксировать ответ или изменения,Да,Да,Да,"E05, H04, A06, C03, C04",Согласует условия и окончательное решение,Готовит предложение и ведет согласование,Координирует переговоры в пределах услуги,Сравнивает условия и принимает решение,ПОЗЖЕ / целевой продукт,"Д3,17,58,60; У01.10: подготовка оффера","Работа подтверждена, собственный инструмент подготовки предложен. В пилоте оффер готовит работодатель своими средствами. Это трудовое предложение, отдельное от коммерческого обращения B06. После продажи контакта сервис не берет на себя найм."
B23,KPI и ожидаемый результат,Наш UI,Определить ожидаемый результат роли; Уточнить критерии и период; Зафиксировать согласованную версию,Да,Да,Да,"E01, E02, E05, H04, A06, C03, C04",Определяет измеримый результат работы,Проверяет ясность ожиданий для кандидата,Передает ожидания между клиентом и кандидатом,Уточняет и подтверждает понимание результата,ПОЗЖЕ / целевой продукт,У01.10: подготовить KPI; В66; Д33–34,"KPI назван пользователем, готовое решение продукта не найдено. Ожидаемый результат появляется до поиска в B01, окончательные условия могут уточняться до оффера. В пилоте документ ведет работодатель вне платформы; KPI не равен оценке навыков B13."
B24,Документы и статус оформления,Наш UI,Сохранить версию или ссылку; Отметить согласование и вопросы; Зафиксировать факт оформления,Да,Да,Да,"E05, H04, A06, C03, C04",Видит согласованную версию и факт оформления,"Ведет ссылки, версии и вопросы по документам",Видит разрешенный статус для сопровождения найма,Открывает предоставленную версию и подтверждает свой статус,ПОЗЖЕ / целевой продукт,Д54; У01.10: сделать договор,"Наш предлагаемый UI-модуль, включается в N. Хранение ссылки/версии и статуса отделено от подготовки юридического текста и подписания, которые выполняются внешне. В пилоте документы и факт оформления могут вестись в средствах клиента. Агентству не требуется доступ ко всему содержимому документов; достаточный объем передачи определяется отдельно."
B25,Выход и замена,Наш UI,Согласовать и подтвердить выход; Получить обратную связь о результате; Открыть повторный подбор при необходимости,Да,Да,Да,"E01, E05, H01, H04, A06, C03, C04",Подтверждает выход и результат найма,Организует первый шаг работы и собирает обратную связь,Контролирует обязательство до выхода и условия замены,Подтверждает планы и сообщает о проблеме,ПОЗЖЕ / целевой продукт,"Д8,14,30–35,54,60; С2","В агентстве есть обещание доведения до выхода и замены, условия гарантии не определены. В базе и ATS это работа клиента, не аналогичная услуга HR Vision. В пилоте сопровождение ручное; принятие оффера, оформление и фактический выход являются разными событиями."
B26,Доступ к контакту и расчеты,Наш UI,Показать услугу и условия доступа; Отметить заказ и статус оплаты; Выдать разрешенный контакт или результат,Да,Да,Да,"E03, H02, A02, A03, A04, A06","Понимает, за что платит компания",Проверяет доступ к внешнему кандидату,"Ведет заказ, доступ и расчет по модели услуги",,"ПИЛОТ: предложено, не проверено","Д7–9,43,59–60","Наш минимальный предлагаемый UI-модуль статуса заказа и разрешенного доступа, включается в N. Оплата остается внешней, ее факт в пилоте может подтверждаться вручную. База: контакт, агентство: найм, ATS: внешняя ценность. Момент оплаты, тарифы и гарантии не утверждены; встроенная платежная система не обещается."
B27,Очередь работ команды,Наш UI,Назначить исполнителя; Увидеть ожидающее действие; Передать работу и срок,Да,Да,Да,"E01, H01, H04, A02, A04, A06",Видит свои решения и согласования,"Ведет проверки, контакты и следующие действия",Распределяет работу собственной команды,,"ПИЛОТ: предложено, не проверено","В6,41,55,96; С5,8; У01.10: ответственный за процесс; У02.10: собственная команда агентства",Предложенный пилот может использовать текущую ATS и ручную очередь. Отдельная задача не подменяет этап пары B17. Внешние агентства и партнерский кабинет не входят в первую версию.
